time,coi,poi,sum,tc,tp,bcoi,bpoi,bsum,btc,btp,cvol,pvol,vsum,cpr,ppr
10:16,542,546,3,181,152,538,826,288,158,150,60,66,7,-232,126
10:21,549,538,-11,181,151,549,846,297,159,152,62,70,8,-286,179
10:26,574,537,-37,184,151,554,852,298,160,153,66,75,9,-482,311
10:31,633,525,-108,190,150,568,869,301,161,154,69,79,10,-607,363
10:36,674,539,-135,194,152,581,874,293,162,155,72,83,11,-611,341
10:41,693,542,-151,196,152,592,878,286,163,155,74,85,11,-520,206
10:46,704,553,-151,197,153,608,894,286,165,157,76,88,12,-602,316
10:51,712,566,-146,198,154,617,907,291,166,158,78,90,13,-618,385
10:56,725,568,-157,199,154,618,908,290,166,158,80,94,14,-705,449
11:01,746,574,-171,201,155,624,917,293,167,159,82,97,15,-810,516
11:06,789,586,-202,205,156,629,927,298,167,160,85,101,16,-927,654
11:11,813,589,-224,208,157,631,923,292,167,160,88,105,17,-979,697
11:16,840,583,-257,210,156,621,898,277,166,157,91,110,19,-996,690
11:21,860,596,-264,212,157,623,907,284,166,158,93,113,19,-855,534
11:26,856,612,-245,212,159,631,930,299,167,160,96,116,19,-800,462
11:31,848,611,-237,211,159,638,934,296,168,161,98,117,19,-767,444
11:36,837,624,-212,210,160,647,948,301,169,162,100,119,19,-720,406
11:41,842,621,-221,211,160,652,949,298,169,162,102,121,20,-877,550
11:46,836,634,-202,210,161,656,954,298,170,163,103,124,20,-859,537
11:51,839,630,-208,210,161,660,960,300,170,164,107,127,20,-654,339
11:56,848,632,-216,211,161,662,959,297,170,163,108,129,21,-760,439
12:01,854,638,-216,212,161,664,960,296,171,164,110,131,21,-749,425
12:06,860,648,-212,212,162,666,970,304,171,165,112,133,21,-713,417
12:11,863,656,-207,213,163,668,976,308,171,165,113,135,22,-698,396
12:16,866,660,-206,213,164,670,987,317,171,166,115,136,22,-665,340
15:05,1138,565,-572,240,154,809,741,-68,185,142,208,246,38,-1761,1441
15:20,1102,522,-581,237,150,753,647,-106,179,132,221,258,36,-1894,1444
15:25,1071,502,-569,234,148,694,552,-142,173,123,226,261,35,-1921,1476
15:30,1058,485,-573,232,146,660,518,-142,170,119,231,265,34,-1960,1528
20:26,1005,423,-581,227,140,524,372,-152,156,105,234,267,33,-1992,1543
20:31,1005,423,-581,227,140,524,372,-152,156,105,234,267,33,-1992,1543
20:36,1005,423,-581,227,140,524,372,-152,156,105,234,267,33,-1992,1543
20:41,1005,423,-581,227,140,524,372,-152,156,105,234,267,33,-1992,1543
20:46,1005,423,-581,227,140,524,372,-152,156,105,234,267,33,-1992,1543
20:51,1005,423,-581,227,140,524,372,-152,156,105,234,267,33,-1992,1543
20:56,1005,423,-581,227,140,524,372,-152,156,105,234,267,33,-1992,1543
21:01,1005,423,-581,227,140,524,372,-152,156,105,234,267,33,-1992,1543
21:06,1005,423,-581,227,140,524,372,-152,156,105,234,267,33,-1992,1543
12:20,1005,423,-581,227,140,524,372,-152,156,105,234,267,33,-1992,1543
12:21,1005,423,-581,227,140,524,372,-152,156,105,234,267,33,-1992,1543
12:21,1005,423,-581,227,140,524,372,-152,156,105,234,267,33,-1992,1543
12:21,1005,423,-581,227,140,524,372,-152,156,105,234,267,33,-1992,1543
12:21,1005,423,-581,227,140,524,372,-152,156,105,234,267,33,-1992,1543
12:21,1005,423,-581,227,140,524,372,-152,156,105,234,267,33,-1992,1543
12:21,1005,423,-581,227,140,524,372,-152,156,105,234,267,33,-1992,1543
12:21,1005,423,-581,227,140,524,372,-152,156,105,234,267,33,-1992,1543
12:22,1005,423,-581,227,140,524,372,-152,156,105,234,267,33,-1992,1543
12:22,1005,423,-581,227,140,524,372,-152,156,105,234,267,33,-1992,1543
12:22,1005,423,-581,227,140,524,372,-152,156,105,234,267,33,-1992,1543
12:22,1005,423,-581,227,140,524,372,-152,156,105,234,267,33,-1992,1543
12:22,1005,423,-581,227,140,524,372,-152,156,105,234,267,33,-1992,1543
12:22,1005,423,-581,227,140,524,372,-152,156,105,234,267,33,-1992,1543
12:22,1005,423,-581,227,140,524,372,-152,156,105,234,267,33,-1992,1543
12:22,1005,423,-581,227,140,524,372,-152,156,105,234,267,33,-1992,1543
12:22,1005,423,-581,227,140,524,372,-152,156,105,234,267,33,-1992,1543
12:22,1005,423,-581,227,140,524,372,-152,156,105,234,267,33,-1992,1543
12:22,1005,423,-581,227,140,524,372,-152,156,105,234,267,33,-1992,1543
12:22,1005,423,-581,227,140,524,372,-152,156,105,234,267,33,-1992,1543
12:22,1005,423,-581,227,140,524,372,-152,156,105,234,267,33,-1992,1543
12:22,1005,423,-581,227,140,524,372,-152,156,105,234,267,33,-1992,1543
12:22,1005,423,-581,227,140,524,372,-152,156,105,234,267,33,-1992,1543
12:22,1005,423,-581,227,140,524,372,-152,156,105,234,267,33,-1992,1543
12:22,1005,423,-581,227,140,524,372,-152,156,105,234,267,33,-1992,1543
12:22,1005,423,-581,227,140,524,372,-152,156,105,234,267,33,-1992,1543
12:23,1005,423,-581,227,140,524,372,-152,156,105,234,267,33,-1992,1543
12:23,1005,423,-581,227,140,524,372,-152,156,105,234,267,33,-1992,1543
12:23,1005,423,-581,227,140,524,372,-152,156,105,234,267,33,-1992,1543
12:24,1005,423,-581,227,140,524,372,-152,156,105,234,267,33,-1992,1543
12:24,1005,423,-581,227,140,524,372,-152,156,105,234,267,33,-1992,1543
12:24,1005,423,-581,227,140,524,372,-152,156,105,234,267,33,-1992,1543
12:24,1005,423,-581,227,140,524,372,-152,156,105,234,267,33,-1992,1543
12:24,1005,423,-581,227,140,524,372,-152,156,105,234,267,33,-1992,1543
12:25,1005,423,-581,227,140,524,372,-152,156,105,234,267,33,-1992,1543
12:25,1005,423,-581,227,140,524,372,-152,156,105,234,267,33,-1992,1543
12:25,1005,423,-581,227,140,524,372,-152,156,105,234,267,33,-1992,1543
12:25,1005,423,-581,227,140,524,372,-152,156,105,234,267,33,-1992,1543
12:25,1005,423,-581,227,140,524,372,-152,156,105,234,267,33,-1992,1543
12:26,1005,423,-581,227,140,524,372,-152,156,105,234,267,33,-1992,1543
12:26,1005,423,-581,227,140,524,372,-152,156,105,234,267,33,-1992,1543
12:26,1005,423,-581,227,140,524,372,-152,156,105,234,267,33,-1992,1543
12:26,1005,423,-581,227,140,524,372,-152,156,105,234,267,33,-1992,1543
12:26,1005,423,-581,227,140,524,372,-152,156,105,234,267,33,-1992,1543
12:27,1005,423,-581,227,140,524,372,-152,156,105,234,267,33,-1992,1543
12:27,1005,423,-581,227,140,524,372,-152,156,105,234,267,33,-1992,1543
12:27,1005,423,-581,227,140,524,372,-152,156,105,234,267,33,-1992,1543
12:27,1005,423,-581,227,140,524,372,-152,156,105,234,267,33,-1992,1543
12:27,1005,423,-581,227,140,524,372,-152,156,105,234,267,33,-1992,1543
12:27,1005,423,-581,227,140,524,372,-152,156,105,234,267,33,-1992,1543
12:28,1005,423,-581,227,140,524,372,-152,156,105,234,267,33,-1992,1543
12:28,1005,423,-581,227,140,524,372,-152,156,105,234,267,33,-1992,1543
12:28,1005,423,-581,227,140,524,372,-152,156,105,234,267,33,-1992,1543
12:28,1005,423,-581,227,140,524,372,-152,156,105,234,267,33,-1992,1543
12:28,1005,423,-581,227,140,524,372,-152,156,105,234,267,33,-1992,1543
12:29,1005,423,-581,227,140,524,372,-152,156,105,234,267,33,-1992,1543
12:43,1005,423,-581,227,140,524,372,-152,156,105,234,267,33,-1992,1543
12:43,1005,423,-581,227,140,524,372,-152,156,105,234,267,33,-1992,1543
12:43,1005,423,-581,227,140,524,372,-152,156,105,234,267,33,-1992,1543
12:43,1005,423,-581,227,140,524,372,-152,156,105,234,267,33,-1992,1543
12:44,1005,423,-581,227,140,524,372,-152,156,105,234,267,33,-1992,1543
12:44,1005,423,-581,227,140,524,372,-152,156,105,234,267,33,-1992,1543
12:44,1005,423,-581,227,140,524,372,-152,156,105,234,267,33,-1992,1543
12:44,1005,423,-581,227,140,524,372,-152,156,105,234,267,33,-1992,1543
12:44,1005,423,-581,227,140,524,372,-152,156,105,234,267,33,-1992,1543
12:45,1005,423,-581,227,140,524,372,-152,156,105,234,267,33,-1992,1543
12:45,1005,423,-581,227,140,524,372,-152,156,105,234,267,33,-1992,1543
12:45,1005,423,-581,227,140,524,372,-152,156,105,234,267,33,-1992,1543
12:45,1005,423,-581,227,140,524,372,-152,156,105,234,267,33,-1992,1543
12:45,1005,423,-581,227,140,524,372,-152,156,105,234,267,33,-1992,1543
12:46,1005,423,-581,227,140,524,372,-152,156,105,234,267,33,-1992,1543
12:46,1005,423,-581,227,140,524,372,-152,156,105,234,267,33,-1992,1543
12:46,1005,423,-581,227,140,524,372,-152,156,105,234,267,33,-1992,1543
12:46,1005,423,-581,227,140,524,372,-152,156,105,234,267,33,-1992,1543
12:46,1005,423,-581,227,140,524,372,-152,156,105,234,267,33,-1992,1543
12:47,1005,423,-581,227,140,524,372,-152,156,105,234,267,33,-1992,1543
12:47,1005,423,-581,227,140,524,372,-152,156,105,234,267,33,-1992,1543
12:47,1005,423,-581,227,140,524,372,-152,156,105,234,267,33,-1992,1543
12:47,1005,423,-581,227,140,524,372,-152,156,105,234,267,33,-1992,1543
13:23,1005,423,-581,227,140,524,372,-152,156,105,234,267,33,-1992,1543
13:23,1005,423,-581,227,140,524,372,-152,156,105,234,267,33,-1992,1543
13:23,1005,423,-581,227,140,524,372,-152,156,105,234,267,33,-1992,1543
13:23,1005,423,-581,227,140,524,372,-152,156,105,234,267,33,-1992,1543
13:23,1005,423,-581,227,140,524,372,-152,156,105,234,267,33,-1992,1543
13:24,1005,423,-581,227,140,524,372,-152,156,105,234,267,33,-1992,1543
13:24,1005,423,-581,227,140,524,372,-152,156,105,234,267,33,-1992,1543
13:24,1005,423,-581,227,140,524,372,-152,156,105,234,267,33,-1992,1543
13:24,1005,423,-581,227,140,524,372,-152,156,105,234,267,33,-1992,1543
13:24,1005,423,-581,227,140,524,372,-152,156,105,234,267,33,-1992,1543
13:25,1005,423,-581,227,140,524,372,-152,156,105,234,267,33,-1992,1543
13:25,1005,423,-581,227,140,524,372,-152,156,105,234,267,33,-1992,1543
13:25,1005,423,-581,227,140,524,372,-152,156,105,234,267,33,-1992,1543
13:25,1005,423,-581,227,140,524,372,-152,156,105,234,267,33,-1992,1543
13:25,1005,423,-581,227,140,524,372,-152,156,105,234,267,33,-1992,1543
13:26,1005,423,-581,227,140,524,372,-152,156,105,234,267,33,-1992,1543
13:26,1005,423,-581,227,140,524,372,-152,156,105,234,267,33,-1992,1543
13:26,1005,423,-581,227,140,524,372,-152,156,105,234,267,33,-1992,1543
13:26,1005,423,-581,227,140,524,372,-152,156,105,234,267,33,-1992,1543
13:26,1005,423,-581,227,140,524,372,-152,156,105,234,267,33,-1992,1543
13:26,1005,423,-581,227,140,524,372,-152,156,105,234,267,33,-1992,1543
13:27,1005,423,-581,227,140,524,372,-152,156,105,234,267,33,-1992,1543
13:27,1005,423,-581,227,140,524,372,-152,156,105,234,267,33,-1992,1543
13:27,1005,423,-581,227,140,524,372,-152,156,105,234,267,33,-1992,1543
13:27,1005,423,-581,227,140,524,372,-152,156,105,234,267,33,-1992,1543
13:27,1005,423,-581,227,140,524,372,-152,156,105,234,267,33,-1992,1543
13:28,1005,423,-581,227,140,524,372,-152,156,105,234,267,33,-1992,1543
13:28,1005,423,-581,227,140,524,372,-152,156,105,234,267,33,-1992,1543
13:28,1005,423,-581,227,140,524,372,-152,156,105,234,267,33,-1992,1543
13:28,1005,423,-581,227,140,524,372,-152,156,105,234,267,33,-1992,1543
13:28,1005,423,-581,227,140,524,372,-152,156,105,234,267,33,-1992,1543
13:29,1005,423,-581,227,140,524,372,-152,156,105,234,267,33,-1992,1543
13:29,1005,423,-581,227,140,524,372,-152,156,105,234,267,33,-1992,1543
13:29,1005,423,-581,227,140,524,372,-152,156,105,234,267,33,-1992,1543
13:29,1005,423,-581,227,140,524,372,-152,156,105,234,267,33,-1992,1543
13:29,1005,423,-581,227,140,524,372,-152,156,105,234,267,33,-1992,1543
13:30,1005,423,-581,227,140,524,372,-152,156,105,234,267,33,-1992,1543
13:30,1005,423,-581,227,140,524,372,-152,156,105,234,267,33,-1992,1543
13:30,1005,423,-581,227,140,524,372,-152,156,105,234,267,33,-1992,1543
13:30,1005,423,-581,227,140,524,372,-152,156,105,234,267,33,-1992,1543
13:30,1005,423,-581,227,140,524,372,-152,156,105,234,267,33,-1992,1543
13:31,1005,423,-581,227,140,524,372,-152,156,105,234,267,33,-1992,1543
13:31,1005,423,-581,227,140,524,372,-152,156,105,234,267,33,-1992,1543
13:31,1005,423,-581,227,140,524,372,-152,156,105,234,267,33,-1992,1543
13:31,1005,423,-581,227,140,524,372,-152,156,105,234,267,33,-1992,1543
13:31,1005,423,-581,227,140,524,372,-152,156,105,234,267,33,-1992,1543
13:31,1005,423,-581,227,140,524,372,-152,156,105,234,267,33,-1992,1543
13:32,1005,423,-581,227,140,524,372,-152,156,105,234,267,33,-1992,1543
13:32,1005,423,-581,227,140,524,372,-152,156,105,234,267,33,-1992,1543
13:32,1005,423,-581,227,140,524,372,-152,156,105,234,267,33,-1992,1543
13:32,1005,423,-581,227,140,524,372,-152,156,105,234,267,33,-1992,1543
13:32,1005,423,-581,227,140,524,372,-152,156,105,234,267,33,-1992,1543
13:33,1005,423,-581,227,140,524,372,-152,156,105,234,267,33,-1992,1543
13:33,1005,423,-581,227,140,524,372,-152,156,105,234,267,33,-1992,1543
13:33,1005,423,-581,227,140,524,372,-152,156,105,234,267,33,-1992,1543
13:33,1005,423,-581,227,140,524,372,-152,156,105,234,267,33,-1992,1543
13:33,1005,423,-581,227,140,524,372,-152,156,105,234,267,33,-1992,1543
13:34,1005,423,-581,227,140,524,372,-152,156,105,234,267,33,-1992,1543
13:34,1005,423,-581,227,140,524,372,-152,156,105,234,267,33,-1992,1543
13:34,1005,423,-581,227,140,524,372,-152,156,105,234,267,33,-1992,1543
13:34,1005,423,-581,227,140,524,372,-152,156,105,234,267,33,-1992,1543
13:34,1005,423,-581,227,140,524,372,-152,156,105,234,267,33,-1992,1543
13:35,1005,423,-581,227,140,524,372,-152,156,105,234,267,33,-1992,1543
13:35,1005,423,-581,227,140,524,372,-152,156,105,234,267,33,-1992,1543
13:35,1005,423,-581,227,140,524,372,-152,156,105,234,267,33,-1992,1543
13:35,1005,423,-581,227,140,524,372,-152,156,105,234,267,33,-1992,1543
13:35,1005,423,-581,227,140,524,372,-152,156,105,234,267,33,-1992,1543
13:36,1005,423,-581,227,140,524,372,-152,156,105,234,267,33,-1992,1543
13:36,1005,423,-581,227,140,524,372,-152,156,105,234,267,33,-1992,1543
13:36,1005,423,-581,227,140,524,372,-152,156,105,234,267,33,-1992,1543
13:36,1005,423,-581,227,140,524,372,-152,156,105,234,267,33,-1992,1543
13:36,1005,423,-581,227,140,524,372,-152,156,105,234,267,33,-1992,1543
13:36,1005,423,-581,227,140,524,372,-152,156,105,234,267,33,-1992,1543
13:37,1005,423,-581,227,140,524,372,-152,156,105,234,267,33,-1992,1543
13:37,1005,423,-581,227,140,524,372,-152,156,105,234,267,33,-1992,1543
13:37,1005,423,-581,227,140,524,372,-152,156,105,234,267,33,-1992,1543
13:37,1005,423,-581,227,140,524,372,-152,156,105,234,267,33,-1992,1543
13:37,1005,423,-581,227,140,524,372,-152,156,105,234,267,33,-1992,1543
13:38,1005,423,-581,227,140,524,372,-152,156,105,234,267,33,-1992,1543
13:38,1005,423,-581,227,140,524,372,-152,156,105,234,267,33,-1992,1543
13:38,1005,423,-581,227,140,524,372,-152,156,105,234,267,33,-1992,1543
13:38,1005,423,-581,227,140,524,372,-152,156,105,234,267,33,-1992,1543
13:38,1005,423,-581,227,140,524,372,-152,156,105,234,267,33,-1992,1543
14:22,1005,423,-581,227,140,524,372,-152,156,105,234,267,33,-1992,1543
14:22,1005,423,-581,227,140,524,372,-152,156,105,234,267,33,-1992,1543
14:22,1005,423,-581,227,140,524,372,-152,156,105,234,267,33,-1992,1543
14:22,1005,423,-581,227,140,524,372,-152,156,105,234,267,33,-1992,1543
14:22,1005,423,-581,227,140,524,372,-152,156,105,234,267,33,-1992,1543
14:23,1005,423,-581,227,140,524,372,-152,156,105,234,267,33,-1992,1543
14:23,1005,423,-581,227,140,524,372,-152,156,105,234,267,33,-1992,1543
14:23,1005,423,-581,227,140,524,372,-152,156,105,234,267,33,-1992,1543
14:23,1005,423,-581,227,140,524,372,-152,156,105,234,267,33,-1992,1543
14:23,1005,423,-581,227,140,524,372,-152,156,105,234,267,33,-1992,1543
14:24,1005,423,-581,227,140,524,372,-152,156,105,234,267,33,-1992,1543
14:24,1005,423,-581,227,140,524,372,-152,156,105,234,267,33,-1992,1543
14:24,1005,423,-581,227,140,524,372,-152,156,105,234,267,33,-1992,1543
14:24,1005,423,-581,227,140,524,372,-152,156,105,234,267,33,-1992,1543
14:24,1005,423,-581,227,140,524,372,-152,156,105,234,267,33,-1992,1543
14:25,1005,423,-581,227,140,524,372,-152,156,105,234,267,33,-1992,1543
14:25,1005,423,-581,227,140,524,372,-152,156,105,234,267,33,-1992,1543
14:25,1005,423,-581,227,140,524,372,-152,156,105,234,267,33,-1992,1543
14:25,1005,423,-581,227,140,524,372,-152,156,105,234,267,33,-1992,1543
14:25,1005,423,-581,227,140,524,372,-152,156,105,234,267,33,-1992,1543
14:25,1005,423,-581,227,140,524,372,-152,156,105,234,267,33,-1992,1543
14:26,1005,423,-581,227,140,524,372,-152,156,105,234,267,33,-1992,1543
14:26,1005,423,-581,227,140,524,372,-152,156,105,234,267,33,-1992,1543
14:26,1005,423,-581,227,140,524,372,-152,156,105,234,267,33,-1992,1543
14:26,1005,423,-581,227,140,524,372,-152,156,105,234,267,33,-1992,1543
14:26,1005,423,-581,227,140,524,372,-152,156,105,234,267,33,-1992,1543
14:27,1005,423,-581,227,140,524,372,-152,156,105,234,267,33,-1992,1543
14:27,1005,423,-581,227,140,524,372,-152,156,105,234,267,33,-1992,1543
14:27,1005,423,-581,227,140,524,372,-152,156,105,234,267,33,-1992,1543
12:20,1005,423,-581,227,140,524,372,-152,156,105,234,267,33,-1992,1543
12:20,1005,423,-581,227,140,524,372,-152,156,105,234,267,33,-1992,1543
12:20,1005,423,-581,227,140,524,372,-152,156,105,234,267,33,-1992,1543
12:20,1005,423,-581,227,140,524,372,-152,156,105,234,267,33,-1992,1543
12:20,1005,423,-581,227,140,524,372,-152,156,105,234,267,33,-1992,1543
12:20,1005,423,-581,227,140,524,372,-152,156,105,234,267,33,-1992,1543
12:21,1005,423,-581,227,140,524,372,-152,156,105,234,267,33,-1992,1543
12:21,1005,423,-581,227,140,524,372,-152,156,105,234,267,33,-1992,1543
12:21,1005,423,-581,227,140,524,372,-152,156,105,234,267,33,-1992,1543
12:22,1005,423,-581,227,140,524,372,-152,156,105,234,267,33,-1992,1543
12:22,1005,423,-581,227,140,524,372,-152,156,105,234,267,33,-1992,1543
12:22,1005,423,-581,227,140,524,372,-152,156,105,234,267,33,-1992,1543
12:22,1005,423,-581,227,140,524,372,-152,156,105,234,267,33,-1992,1543
12:23,1005,423,-581,227,140,524,372,-152,156,105,234,267,33,-1992,1543
12:23,1005,423,-581,227,140,524,372,-152,156,105,234,267,33,-1992,1543
12:23,1005,423,-581,227,140,524,372,-152,156,105,234,267,33,-1992,1543
12:23,1005,423,-581,227,140,524,372,-152,156,105,234,267,33,-1992,1543
12:23,1005,423,-581,227,140,524,372,-152,156,105,234,267,33,-1992,1543
12:24,1005,423,-581,227,140,524,372,-152,156,105,234,267,33,-1992,1543
12:24,1005,423,-581,227,140,524,372,-152,156,105,234,267,33,-1992,1543
12:24,1005,423,-581,227,140,524,372,-152,156,105,234,267,33,-1992,1543
12:24,1005,423,-581,227,140,524,372,-152,156,105,234,267,33,-1992,1543
12:24,1005,423,-581,227,140,524,372,-152,156,105,234,267,33,-1992,1543
12:25,1005,423,-581,227,140,524,372,-152,156,105,234,267,33,-1992,1543
12:25,1005,423,-581,227,140,524,372,-152,156,105,234,267,33,-1992,1543
12:25,1005,423,-581,227,140,524,372,-152,156,105,234,267,33,-1992,1543
12:25,1005,423,-581,227,140,524,372,-152,156,105,234,267,33,-1992,1543
12:25,1005,423,-581,227,140,524,372,-152,156,105,234,267,33,-1992,1543
12:25,1005,423,-581,227,140,524,372,-152,156,105,234,267,33,-1992,1543
12:26,1005,423,-581,227,140,524,372,-152,156,105,234,267,33,-1992,1543
12:26,1005,423,-581,227,140,524,372,-152,156,105,234,267,33,-1992,1543
12:26,1005,423,-581,227,140,524,372,-152,156,105,234,267,33,-1992,1543
12:26,1005,423,-581,227,140,524,372,-152,156,105,234,267,33,-1992,1543
12:26,1005,423,-581,227,140,524,372,-152,156,105,234,267,33,-1992,1543
12:27,1005,423,-581,227,140,524,372,-152,156,105,234,267,33,-1992,1543
12:27,1005,423,-581,227,140,524,372,-152,156,105,234,267,33,-1992,1543
12:27,1005,423,-581,227,140,524,372,-152,156,105,234,267,33,-1992,1543
12:27,1005,423,-581,227,140,524,372,-152,156,105,234,267,33,-1992,1543
12:27,1005,423,-581,227,140,524,372,-152,156,105,234,267,33,-1992,1543
12:28,1005,423,-581,227,140,524,372,-152,156,105,234,267,33,-1992,1543
12:28,1005,423,-581,227,140,524,372,-152,156,105,234,267,33,-1992,1543
12:28,1005,423,-581,227,140,524,372,-152,156,105,234,267,33,-1992,1543
12:28,1005,423,-581,227,140,524,372,-152,156,105,234,267,33,-1992,1543
12:28,1005,423,-581,227,140,524,372,-152,156,105,234,267,33,-1992,1543
12:29,1005,423,-581,227,140,524,372,-152,156,105,234,267,33,-1992,1543
12:29,1005,423,-581,227,140,524,372,-152,156,105,234,267,33,-1992,1543
12:29,1005,423,-581,227,140,524,372,-152,156,105,234,267,33,-1992,1543
12:29,1005,423,-581,227,140,524,372,-152,156,105,234,267,33,-1992,1543
12:29,1005,423,-581,227,140,524,372,-152,156,105,234,267,33,-1992,1543
12:30,1005,423,-581,227,140,524,372,-152,156,105,234,267,33,-1992,1543
12:30,1005,423,-581,227,140,524,372,-152,156,105,234,267,33,-1992,1543
12:30,1005,423,-581,227,140,524,372,-152,156,105,234,267,33,-1992,1543
12:30,1005,423,-581,227,140,524,372,-152,156,105,234,267,33,-1992,1543
12:30,1005,423,-581,227,140,524,372,-152,156,105,234,267,33,-1992,1543
12:31,1005,423,-581,227,140,524,372,-152,156,105,234,267,33,-1992,1543
12:31,1005,423,-581,227,140,524,372,-152,156,105,234,267,33,-1992,1543
12:31,1005,423,-581,227,140,524,372,-152,156,105,234,267,33,-1992,1543
12:31,1005,423,-581,227,140,524,372,-152,156,105,234,267,33,-1992,1543
12:31,1005,423,-581,227,140,524,372,-152,156,105,234,267,33,-1992,1543
12:32,1005,423,-581,227,140,524,372,-152,156,105,234,267,33,-1992,1543
12:32,1005,423,-581,227,140,524,372,-152,156,105,234,267,33,-1992,1543
12:32,1005,423,-581,227,140,524,372,-152,156,105,234,267,33,-1992,1543
12:32,1005,423,-581,227,140,524,372,-152,156,105,234,267,33,-1992,1543
12:32,1005,423,-581,227,140,524,372,-152,156,105,234,267,33,-1992,1543
12:32,1005,423,-581,227,140,524,372,-152,156,105,234,267,33,-1992,1543
12:33,1005,423,-581,227,140,524,372,-152,156,105,234,267,33,-1992,1543
12:33,1005,423,-581,227,140,524,372,-152,156,105,234,267,33,-1992,1543
12:33,1005,423,-581,227,140,524,372,-152,156,105,234,267,33,-1992,1543
12:33,1005,423,-581,227,140,524,372,-152,156,105,234,267,33,-1992,1543
12:33,1005,423,-581,227,140,524,372,-152,156,105,234,267,33,-1992,1543
12:34,1005,423,-581,227,140,524,372,-152,156,105,234,267,33,-1992,1543
12:34,1005,423,-581,227,140,524,372,-152,156,105,234,267,33,-1992,1543
12:34,1005,423,-581,227,140,524,372,-152,156,105,234,267,33,-1992,1543
12:34,1005,423,-581,227,140,524,372,-152,156,105,234,267,33,-1992,1543
12:34,1005,423,-581,227,140,524,372,-152,156,105,234,267,33,-1992,1543
12:35,1005,423,-581,227,140,524,372,-152,156,105,234,267,33,-1992,1543
12:35,1005,423,-581,227,140,524,372,-152,156,105,234,267,33,-1992,1543
12:35,1005,423,-581,227,140,524,372,-152,156,105,234,267,33,-1992,1543
12:35,1005,423,-581,227,140,524,372,-152,156,105,234,267,33,-1992,1543
12:35,1005,423,-581,227,140,524,372,-152,156,105,234,267,33,-1992,1543
12:35,1005,423,-581,227,140,524,372,-152,156,105,234,267,33,-1992,1543
12:36,1005,423,-581,227,140,524,372,-152,156,105,234,267,33,-1992,1543
12:36,1005,423,-581,227,140,524,372,-152,156,105,234,267,33,-1992,1543
12:36,1005,423,-581,227,140,524,372,-152,156,105,234,267,33,-1992,1543
12:36,1005,423,-581,227,140,524,372,-152,156,105,234,267,33,-1992,1543
12:36,1005,423,-581,227,140,524,372,-152,156,105,234,267,33,-1992,1543
12:37,1005,423,-581,227,140,524,372,-152,156,105,234,267,33,-1992,1543
12:37,1005,423,-581,227,140,524,372,-152,156,105,234,267,33,-1992,1543
12:37,1005,423,-581,227,140,524,372,-152,156,105,234,267,33,-1992,1543
12:37,1005,423,-581,227,140,524,372,-152,156,105,234,267,33,-1992,1543
12:37,1005,423,-581,227,140,524,372,-152,156,105,234,267,33,-1992,1543
12:38,1005,423,-581,227,140,524,372,-152,156,105,234,267,33,-1992,1543
12:38,1005,423,-581,227,140,524,372,-152,156,105,234,267,33,-1992,1543
12:38,1005,423,-581,227,140,524,372,-152,156,105,234,267,33,-1992,1543
12:38,1005,423,-581,227,140,524,372,-152,156,105,234,267,33,-1992,1543
