time,coi,poi,sum,tc,tp,bcoi,bpoi,bsum,btc,btp,fcoi,fpoi,fsum,ftc,ftp,cpr,ppr
10:16,566,562,-4,7,7,551,841,291,4,4,218,309,91,69,58,-485,-652
10:21,573,555,-18,7,7,563,862,299,4,4,220,314,95,69,58,-494,-603
10:26,599,555,-45,8,7,569,869,300,4,4,231,320,89,70,59,-645,-532
10:31,660,543,-117,8,7,583,886,303,4,4,241,313,72,71,55,-716,-464
10:36,702,557,-145,8,7,596,892,296,4,4,245,322,77,72,59,-711,-425
10:41,722,560,-162,8,7,607,896,289,4,4,254,330,75,73,60,-627,-525
10:46,733,570,-163,8,7,623,913,289,4,4,255,320,65,73,59,-695,-477
10:51,743,584,-158,8,7,632,926,294,4,4,259,320,62,73,59,-779,-455
10:56,756,586,-170,8,7,634,927,293,4,4,264,327,64,73,60,-852,-370
11:01,777,593,-184,8,7,640,936,296,4,4,269,327,57,74,60,-852,-350
11:06,821,606,-216,8,7,645,946,301,4,4,275,332,57,75,60,-919,-139
11:11,846,609,-237,8,7,648,942,294,4,4,291,330,39,76,60,-946,-128
11:16,874,603,-272,8,7,638,918,280,4,4,294,332,38,76,60,-926,-194
11:21,895,615,-279,9,7,640,927,287,4,4,301,335,34,77,60,-820,-310
11:26,892,632,-260,9,7,648,950,302,4,4,302,345,42,77,61,-777,-381
11:31,883,631,-252,9,7,655,955,299,4,4,293,352,59,76,62,-779,-393
11:36,872,645,-227,9,7,665,969,304,4,4,296,355,59,77,62,-744,-399
11:41,878,643,-235,9,7,670,971,301,4,4,298,354,55,77,62,-824,-287
11:46,873,656,-216,9,7,675,976,301,4,4,308,356,48,78,63,-848,-287
11:51,875,652,-222,9,7,679,982,302,5,4,308,359,51,78,63,-724,-451
11:56,884,654,-230,9,7,682,981,299,5,4,312,362,51,78,63,-747,-503
12:01,891,660,-231,9,7,683,982,299,5,4,309,367,58,78,64,-780,-493
12:06,897,670,-227,9,7,686,993,307,5,4,305,369,63,78,64,-762,-523
12:11,900,678,-222,9,7,688,999,311,5,4,308,370,62,78,64,-750,-540
12:16,904,683,-221,9,7,690,1010,320,5,4,309,375,67,78,64,-722,-570
15:05,1191,597,-594,10,8,839,776,-62,6,6,455,340,-114,93,61,-1270,78
15:20,1156,553,-603,10,8,784,683,-101,6,6,422,358,-64,89,63,-1251,117
15:25,1127,535,-592,11,8,726,589,-137,6,6,397,343,-54,87,61,-1286,155
15:30,1114,518,-596,11,8,691,554,-137,6,6,382,326,-55,85,60,-1315,182
20:26,1056,454,-603,10,8,555,407,-149,6,6,317,274,-43,79,54,-1336,180
20:31,1056,454,-603,10,8,555,407,-149,6,6,317,274,-43,79,54,-1336,180
20:36,1056,454,-603,10,8,555,407,-149,6,6,317,274,-43,79,54,-1336,180
20:41,1056,454,-603,10,8,555,407,-149,6,6,317,274,-43,79,54,-1336,180
20:46,1056,454,-603,10,8,555,407,-149,6,6,317,274,-43,79,54,-1336,180
20:51,1056,454,-603,10,8,555,407,-149,6,6,317,274,-43,79,54,-1336,180
20:56,1056,454,-603,10,8,555,407,-149,6,6,317,274,-43,79,54,-1336,180
21:01,1056,454,-603,10,8,555,407,-149,6,6,317,274,-43,79,54,-1336,180
21:06,1056,454,-603,10,8,555,407,-149,6,6,317,274,-43,79,54,-1336,180
12:20,1056,454,-603,10,8,555,407,-149,6,6,317,274,-43,79,54,-1336,180
12:21,1056,454,-603,10,8,555,407,-149,6,6,317,274,-43,79,54,-1336,180
12:21,1056,454,-603,10,8,555,407,-149,6,6,317,274,-43,79,54,-1336,180
12:21,1056,454,-603,10,8,555,407,-149,6,6,317,274,-43,79,54,-1336,180
12:21,1056,454,-603,10,8,555,407,-149,6,6,317,274,-43,79,54,-1336,180
12:21,1056,454,-603,10,8,555,407,-149,6,6,317,274,-43,79,54,-1336,180
12:21,1056,454,-603,10,8,555,407,-149,6,6,317,274,-43,79,54,-1336,180
12:21,1056,454,-603,10,8,555,407,-149,6,6,317,274,-43,79,54,-1336,180
12:22,1056,454,-603,10,8,555,407,-149,6,6,317,274,-43,79,54,-1336,180
12:22,1056,454,-603,10,8,555,407,-149,6,6,317,274,-43,79,54,-1336,180
12:22,1056,454,-603,10,8,555,407,-149,6,6,317,274,-43,79,54,-1336,180
12:22,1056,454,-603,10,8,555,407,-149,6,6,317,274,-43,79,54,-1336,180
12:22,1056,454,-603,10,8,555,407,-149,6,6,317,274,-43,79,54,-1336,180
12:22,1056,454,-603,10,8,555,407,-149,6,6,317,274,-43,79,54,-1336,180
12:22,1056,454,-603,10,8,555,407,-149,6,6,317,274,-43,79,54,-1336,180
12:22,1056,454,-603,10,8,555,407,-149,6,6,317,274,-43,79,54,-1336,180
12:22,1056,454,-603,10,8,555,407,-149,6,6,317,274,-43,79,54,-1336,180
12:22,1056,454,-603,10,8,555,407,-149,6,6,317,274,-43,79,54,-1336,180
12:22,1056,454,-603,10,8,555,407,-149,6,6,317,274,-43,79,54,-1336,180
12:22,1056,454,-603,10,8,555,407,-149,6,6,317,274,-43,79,54,-1336,180
12:22,1056,454,-603,10,8,555,407,-149,6,6,317,274,-43,79,54,-1336,180
12:22,1056,454,-603,10,8,555,407,-149,6,6,317,274,-43,79,54,-1336,180
12:22,1056,454,-603,10,8,555,407,-149,6,6,317,274,-43,79,54,-1336,180
12:22,1056,454,-603,10,8,555,407,-149,6,6,317,274,-43,79,54,-1336,180
12:22,1056,454,-603,10,8,555,407,-149,6,6,317,274,-43,79,54,-1336,180
12:23,1056,454,-603,10,8,555,407,-149,6,6,317,274,-43,79,54,-1336,180
12:23,1056,454,-603,10,8,555,407,-149,6,6,317,274,-43,79,54,-1336,180
12:23,1056,454,-603,10,8,555,407,-149,6,6,317,274,-43,79,54,-1336,180
12:24,1056,454,-603,10,8,555,407,-149,6,6,317,274,-43,79,54,-1336,180
12:24,1056,454,-603,10,8,555,407,-149,6,6,317,274,-43,79,54,-1336,180
12:24,1056,454,-603,10,8,555,407,-149,6,6,317,274,-43,79,54,-1336,180
12:24,1056,454,-603,10,8,555,407,-149,6,6,317,274,-43,79,54,-1336,180
12:24,1056,454,-603,10,8,555,407,-149,6,6,317,274,-43,79,54,-1336,180
12:25,1056,454,-603,10,8,555,407,-149,6,6,317,274,-43,79,54,-1336,180
12:25,1056,454,-603,10,8,555,407,-149,6,6,317,274,-43,79,54,-1336,180
12:25,1056,454,-603,10,8,555,407,-149,6,6,317,274,-43,79,54,-1336,180
12:25,1056,454,-603,10,8,555,407,-149,6,6,317,274,-43,79,54,-1336,180
12:25,1056,454,-603,10,8,555,407,-149,6,6,317,274,-43,79,54,-1336,180
12:26,1056,454,-603,10,8,555,407,-149,6,6,317,274,-43,79,54,-1336,180
12:26,1056,454,-603,10,8,555,407,-149,6,6,317,274,-43,79,54,-1336,180
12:26,1056,454,-603,10,8,555,407,-149,6,6,317,274,-43,79,54,-1336,180
12:26,1056,454,-603,10,8,555,407,-149,6,6,317,274,-43,79,54,-1336,180
12:26,1056,454,-603,10,8,555,407,-149,6,6,317,274,-43,79,54,-1336,180
12:27,1056,454,-603,10,8,555,407,-149,6,6,317,274,-43,79,54,-1336,180
12:27,1056,454,-603,10,8,555,407,-149,6,6,317,274,-43,79,54,-1336,180
12:27,1056,454,-603,10,8,555,407,-149,6,6,317,274,-43,79,54,-1336,180
12:27,1056,454,-603,10,8,555,407,-149,6,6,317,274,-43,79,54,-1336,180
12:27,1056,454,-603,10,8,555,407,-149,6,6,317,274,-43,79,54,-1336,180
12:27,1056,454,-603,10,8,555,407,-149,6,6,317,274,-43,79,54,-1336,180
12:28,1056,454,-603,10,8,555,407,-149,6,6,317,274,-43,79,54,-1336,180
12:28,1056,454,-603,10,8,555,407,-149,6,6,317,274,-43,79,54,-1336,180
12:28,1056,454,-603,10,8,555,407,-149,6,6,317,274,-43,79,54,-1336,180
12:28,1056,454,-603,10,8,555,407,-149,6,6,317,274,-43,79,54,-1336,180
12:28,1056,454,-603,10,8,555,407,-149,6,6,317,274,-43,79,54,-1336,180
12:43,1056,454,-603,10,8,555,407,-149,6,6,317,274,-43,79,54,-1336,180
12:43,1056,454,-603,10,8,555,407,-149,6,6,317,274,-43,79,54,-1336,180
12:43,1056,454,-603,10,8,555,407,-149,6,6,317,274,-43,79,54,-1336,180
12:43,1056,454,-603,10,8,555,407,-149,6,6,317,274,-43,79,54,-1336,180
12:44,1056,454,-603,10,8,555,407,-149,6,6,317,274,-43,79,54,-1336,180
12:44,1056,454,-603,10,8,555,407,-149,6,6,317,274,-43,79,54,-1336,180
12:44,1056,454,-603,10,8,555,407,-149,6,6,317,274,-43,79,54,-1336,180
12:44,1056,454,-603,10,8,555,407,-149,6,6,317,274,-43,79,54,-1336,180
12:44,1056,454,-603,10,8,555,407,-149,6,6,317,274,-43,79,54,-1336,180
12:45,1056,454,-603,10,8,555,407,-149,6,6,317,274,-43,79,54,-1336,180
12:45,1056,454,-603,10,8,555,407,-149,6,6,317,274,-43,79,54,-1336,180
12:45,1056,454,-603,10,8,555,407,-149,6,6,317,274,-43,79,54,-1336,180
12:45,1056,454,-603,10,8,555,407,-149,6,6,317,274,-43,79,54,-1336,180
12:45,1056,454,-603,10,8,555,407,-149,6,6,317,274,-43,79,54,-1336,180
12:46,1056,454,-603,10,8,555,407,-149,6,6,317,274,-43,79,54,-1336,180
12:46,1056,454,-603,10,8,555,407,-149,6,6,317,274,-43,79,54,-1336,180
12:46,1056,454,-603,10,8,555,407,-149,6,6,317,274,-43,79,54,-1336,180
12:46,1056,454,-603,10,8,555,407,-149,6,6,317,274,-43,79,54,-1336,180
12:46,1056,454,-603,10,8,555,407,-149,6,6,317,274,-43,79,54,-1336,180
12:47,1056,454,-603,10,8,555,407,-149,6,6,317,274,-43,79,54,-1336,180
12:47,1056,454,-603,10,8,555,407,-149,6,6,317,274,-43,79,54,-1336,180
12:47,1056,454,-603,10,8,555,407,-149,6,6,317,274,-43,79,54,-1336,180
13:23,1056,454,-603,10,8,555,407,-149,6,6,317,274,-43,79,54,-1336,180
13:23,1056,454,-603,10,8,555,407,-149,6,6,317,274,-43,79,54,-1336,180
13:23,1056,454,-603,10,8,555,407,-149,6,6,317,274,-43,79,54,-1336,180
13:23,1056,454,-603,10,8,555,407,-149,6,6,317,274,-43,79,54,-1336,180
13:23,1056,454,-603,10,8,555,407,-149,6,6,317,274,-43,79,54,-1336,180
13:24,1056,454,-603,10,8,555,407,-149,6,6,317,274,-43,79,54,-1336,180
13:24,1056,454,-603,10,8,555,407,-149,6,6,317,274,-43,79,54,-1336,180
13:24,1056,454,-603,10,8,555,407,-149,6,6,317,274,-43,79,54,-1336,180
13:24,1056,454,-603,10,8,555,407,-149,6,6,317,274,-43,79,54,-1336,180
13:24,1056,454,-603,10,8,555,407,-149,6,6,317,274,-43,79,54,-1336,180
13:25,1056,454,-603,10,8,555,407,-149,6,6,317,274,-43,79,54,-1336,180
13:25,1056,454,-603,10,8,555,407,-149,6,6,317,274,-43,79,54,-1336,180
13:25,1056,454,-603,10,8,555,407,-149,6,6,317,274,-43,79,54,-1336,180
13:25,1056,454,-603,10,8,555,407,-149,6,6,317,274,-43,79,54,-1336,180
13:25,1056,454,-603,10,8,555,407,-149,6,6,317,274,-43,79,54,-1336,180
13:26,1056,454,-603,10,8,555,407,-149,6,6,317,274,-43,79,54,-1336,180
13:26,1056,454,-603,10,8,555,407,-149,6,6,317,274,-43,79,54,-1336,180
13:26,1056,454,-603,10,8,555,407,-149,6,6,317,274,-43,79,54,-1336,180
13:26,1056,454,-603,10,8,555,407,-149,6,6,317,274,-43,79,54,-1336,180
13:26,1056,454,-603,10,8,555,407,-149,6,6,317,274,-43,79,54,-1336,180
13:26,1056,454,-603,10,8,555,407,-149,6,6,317,274,-43,79,54,-1336,180
13:27,1056,454,-603,10,8,555,407,-149,6,6,317,274,-43,79,54,-1336,180
13:27,1056,454,-603,10,8,555,407,-149,6,6,317,274,-43,79,54,-1336,180
13:27,1056,454,-603,10,8,555,407,-149,6,6,317,274,-43,79,54,-1336,180
13:27,1056,454,-603,10,8,555,407,-149,6,6,317,274,-43,79,54,-1336,180
13:27,1056,454,-603,10,8,555,407,-149,6,6,317,274,-43,79,54,-1336,180
13:28,1056,454,-603,10,8,555,407,-149,6,6,317,274,-43,79,54,-1336,180
13:28,1056,454,-603,10,8,555,407,-149,6,6,317,274,-43,79,54,-1336,180
13:28,1056,454,-603,10,8,555,407,-149,6,6,317,274,-43,79,54,-1336,180
13:28,1056,454,-603,10,8,555,407,-149,6,6,317,274,-43,79,54,-1336,180
13:28,1056,454,-603,10,8,555,407,-149,6,6,317,274,-43,79,54,-1336,180
13:29,1056,454,-603,10,8,555,407,-149,6,6,317,274,-43,79,54,-1336,180
13:29,1056,454,-603,10,8,555,407,-149,6,6,317,274,-43,79,54,-1336,180
13:29,1056,454,-603,10,8,555,407,-149,6,6,317,274,-43,79,54,-1336,180
13:29,1056,454,-603,10,8,555,407,-149,6,6,317,274,-43,79,54,-1336,180
13:29,1056,454,-603,10,8,555,407,-149,6,6,317,274,-43,79,54,-1336,180
13:30,1056,454,-603,10,8,555,407,-149,6,6,317,274,-43,79,54,-1336,180
13:30,1056,454,-603,10,8,555,407,-149,6,6,317,274,-43,79,54,-1336,180
13:30,1056,454,-603,10,8,555,407,-149,6,6,317,274,-43,79,54,-1336,180
13:30,1056,454,-603,10,8,555,407,-149,6,6,317,274,-43,79,54,-1336,180
13:30,1056,454,-603,10,8,555,407,-149,6,6,317,274,-43,79,54,-1336,180
13:31,1056,454,-603,10,8,555,407,-149,6,6,317,274,-43,79,54,-1336,180
13:31,1056,454,-603,10,8,555,407,-149,6,6,317,274,-43,79,54,-1336,180
13:31,1056,454,-603,10,8,555,407,-149,6,6,317,274,-43,79,54,-1336,180
13:31,1056,454,-603,10,8,555,407,-149,6,6,317,274,-43,79,54,-1336,180
13:31,1056,454,-603,10,8,555,407,-149,6,6,317,274,-43,79,54,-1336,180
13:31,1056,454,-603,10,8,555,407,-149,6,6,317,274,-43,79,54,-1336,180
13:32,1056,454,-603,10,8,555,407,-149,6,6,317,274,-43,79,54,-1336,180
13:32,1056,454,-603,10,8,555,407,-149,6,6,317,274,-43,79,54,-1336,180
13:32,1056,454,-603,10,8,555,407,-149,6,6,317,274,-43,79,54,-1336,180
13:32,1056,454,-603,10,8,555,407,-149,6,6,317,274,-43,79,54,-1336,180
13:32,1056,454,-603,10,8,555,407,-149,6,6,317,274,-43,79,54,-1336,180
13:33,1056,454,-603,10,8,555,407,-149,6,6,317,274,-43,79,54,-1336,180
13:33,1056,454,-603,10,8,555,407,-149,6,6,317,274,-43,79,54,-1336,180
13:33,1056,454,-603,10,8,555,407,-149,6,6,317,274,-43,79,54,-1336,180
13:33,1056,454,-603,10,8,555,407,-149,6,6,317,274,-43,79,54,-1336,180
13:33,1056,454,-603,10,8,555,407,-149,6,6,317,274,-43,79,54,-1336,180
13:34,1056,454,-603,10,8,555,407,-149,6,6,317,274,-43,79,54,-1336,180
13:34,1056,454,-603,10,8,555,407,-149,6,6,317,274,-43,79,54,-1336,180
13:34,1056,454,-603,10,8,555,407,-149,6,6,317,274,-43,79,54,-1336,180
13:34,1056,454,-603,10,8,555,407,-149,6,6,317,274,-43,79,54,-1336,180
13:34,1056,454,-603,10,8,555,407,-149,6,6,317,274,-43,79,54,-1336,180
13:35,1056,454,-603,10,8,555,407,-149,6,6,317,274,-43,79,54,-1336,180
13:35,1056,454,-603,10,8,555,407,-149,6,6,317,274,-43,79,54,-1336,180
13:35,1056,454,-603,10,8,555,407,-149,6,6,317,274,-43,79,54,-1336,180
13:35,1056,454,-603,10,8,555,407,-149,6,6,317,274,-43,79,54,-1336,180
13:35,1056,454,-603,10,8,555,407,-149,6,6,317,274,-43,79,54,-1336,180
13:36,1056,454,-603,10,8,555,407,-149,6,6,317,274,-43,79,54,-1336,180
13:36,1056,454,-603,10,8,555,407,-149,6,6,317,274,-43,79,54,-1336,180
13:36,1056,454,-603,10,8,555,407,-149,6,6,317,274,-43,79,54,-1336,180
13:36,1056,454,-603,10,8,555,407,-149,6,6,317,274,-43,79,54,-1336,180
13:36,1056,454,-603,10,8,555,407,-149,6,6,317,274,-43,79,54,-1336,180
13:36,1056,454,-603,10,8,555,407,-149,6,6,317,274,-43,79,54,-1336,180
13:37,1056,454,-603,10,8,555,407,-149,6,6,317,274,-43,79,54,-1336,180
13:37,1056,454,-603,10,8,555,407,-149,6,6,317,274,-43,79,54,-1336,180
13:37,1056,454,-603,10,8,555,407,-149,6,6,317,274,-43,79,54,-1336,180
13:37,1056,454,-603,10,8,555,407,-149,6,6,317,274,-43,79,54,-1336,180
13:37,1056,454,-603,10,8,555,407,-149,6,6,317,274,-43,79,54,-1336,180
13:38,1056,454,-603,10,8,555,407,-149,6,6,317,274,-43,79,54,-1336,180
13:38,1056,454,-603,10,8,555,407,-149,6,6,317,274,-43,79,54,-1336,180
13:38,1056,454,-603,10,8,555,407,-149,6,6,317,274,-43,79,54,-1336,180
13:38,1056,454,-603,10,8,555,407,-149,6,6,317,274,-43,79,54,-1336,180
13:38,1056,454,-603,10,8,555,407,-149,6,6,317,274,-43,79,54,-1336,180
14:22,1056,454,-603,10,8,555,407,-149,6,6,317,274,-43,79,54,-1336,180
14:22,1056,454,-603,10,8,555,407,-149,6,6,317,274,-43,79,54,-1336,180
14:22,1056,454,-603,10,8,555,407,-149,6,6,317,274,-43,79,54,-1336,180
14:22,1056,454,-603,10,8,555,407,-149,6,6,317,274,-43,79,54,-1336,180
14:22,1056,454,-603,10,8,555,407,-149,6,6,317,274,-43,79,54,-1336,180
14:23,1056,454,-603,10,8,555,407,-149,6,6,317,274,-43,79,54,-1336,180
14:23,1056,454,-603,10,8,555,407,-149,6,6,317,274,-43,79,54,-1336,180
14:23,1056,454,-603,10,8,555,407,-149,6,6,317,274,-43,79,54,-1336,180
14:23,1056,454,-603,10,8,555,407,-149,6,6,317,274,-43,79,54,-1336,180
14:23,1056,454,-603,10,8,555,407,-149,6,6,317,274,-43,79,54,-1336,180
14:24,1056,454,-603,10,8,555,407,-149,6,6,317,274,-43,79,54,-1336,180
14:24,1056,454,-603,10,8,555,407,-149,6,6,317,274,-43,79,54,-1336,180
14:24,1056,454,-603,10,8,555,407,-149,6,6,317,274,-43,79,54,-1336,180
14:24,1056,454,-603,10,8,555,407,-149,6,6,317,274,-43,79,54,-1336,180
14:24,1056,454,-603,10,8,555,407,-149,6,6,317,274,-43,79,54,-1336,180
14:25,1056,454,-603,10,8,555,407,-149,6,6,317,274,-43,79,54,-1336,180
14:25,1056,454,-603,10,8,555,407,-149,6,6,317,274,-43,79,54,-1336,180
14:25,1056,454,-603,10,8,555,407,-149,6,6,317,274,-43,79,54,-1336,180
14:25,1056,454,-603,10,8,555,407,-149,6,6,317,274,-43,79,54,-1336,180
14:25,1056,454,-603,10,8,555,407,-149,6,6,317,274,-43,79,54,-1336,180
14:25,1056,454,-603,10,8,555,407,-149,6,6,317,274,-43,79,54,-1336,180
14:26,1056,454,-603,10,8,555,407,-149,6,6,317,274,-43,79,54,-1336,180
14:26,1056,454,-603,10,8,555,407,-149,6,6,317,274,-43,79,54,-1336,180
14:26,1056,454,-603,10,8,555,407,-149,6,6,317,274,-43,79,54,-1336,180
14:26,1056,454,-603,10,8,555,407,-149,6,6,317,274,-43,79,54,-1336,180
14:26,1056,454,-603,10,8,555,407,-149,6,6,317,274,-43,79,54,-1336,180
14:27,1056,454,-603,10,8,555,407,-149,6,6,317,274,-43,79,54,-1336,180
14:27,1056,454,-603,10,8,555,407,-149,6,6,317,274,-43,79,54,-1336,180
14:27,1056,454,-603,10,8,555,407,-149,6,6,317,274,-43,79,54,-1336,180
12:20,1056,454,-603,10,8,555,407,-149,6,6,317,274,-43,79,54,-1336,180
12:20,1056,454,-603,10,8,555,407,-149,6,6,317,274,-43,79,54,-1336,180
12:20,1056,454,-603,10,8,555,407,-149,6,6,317,274,-43,79,54,-1336,180
12:20,1056,454,-603,10,8,555,407,-149,6,6,317,274,-43,79,54,-1336,180
12:20,1056,454,-603,10,8,555,407,-149,6,6,317,274,-43,79,54,-1336,180
12:20,1056,454,-603,10,8,555,407,-149,6,6,317,274,-43,79,54,-1336,180
12:21,1056,454,-603,10,8,555,407,-149,6,6,317,274,-43,79,54,-1336,180
12:21,1056,454,-603,10,8,555,407,-149,6,6,317,274,-43,79,54,-1336,180
12:21,1056,454,-603,10,8,555,407,-149,6,6,317,274,-43,79,54,-1336,180
12:22,1056,454,-603,10,8,555,407,-149,6,6,317,274,-43,79,54,-1336,180
12:22,1056,454,-603,10,8,555,407,-149,6,6,317,274,-43,79,54,-1336,180
12:22,1056,454,-603,10,8,555,407,-149,6,6,317,274,-43,79,54,-1336,180
12:22,1056,454,-603,10,8,555,407,-149,6,6,317,274,-43,79,54,-1336,180
12:23,1056,454,-603,10,8,555,407,-149,6,6,317,274,-43,79,54,-1336,180
12:23,1056,454,-603,10,8,555,407,-149,6,6,317,274,-43,79,54,-1336,180
12:23,1056,454,-603,10,8,555,407,-149,6,6,317,274,-43,79,54,-1336,180
12:23,1056,454,-603,10,8,555,407,-149,6,6,317,274,-43,79,54,-1336,180
12:23,1056,454,-603,10,8,555,407,-149,6,6,317,274,-43,79,54,-1336,180
12:24,1056,454,-603,10,8,555,407,-149,6,6,317,274,-43,79,54,-1336,180
12:24,1056,454,-603,10,8,555,407,-149,6,6,317,274,-43,79,54,-1336,180
12:24,1056,454,-603,10,8,555,407,-149,6,6,317,274,-43,79,54,-1336,180
12:24,1056,454,-603,10,8,555,407,-149,6,6,317,274,-43,79,54,-1336,180
12:24,1056,454,-603,10,8,555,407,-149,6,6,317,274,-43,79,54,-1336,180
12:25,1056,454,-603,10,8,555,407,-149,6,6,317,274,-43,79,54,-1336,180
12:25,1056,454,-603,10,8,555,407,-149,6,6,317,274,-43,79,54,-1336,180
12:25,1056,454,-603,10,8,555,407,-149,6,6,317,274,-43,79,54,-1336,180
12:25,1056,454,-603,10,8,555,407,-149,6,6,317,274,-43,79,54,-1336,180
12:25,1056,454,-603,10,8,555,407,-149,6,6,317,274,-43,79,54,-1336,180
12:25,1056,454,-603,10,8,555,407,-149,6,6,317,274,-43,79,54,-1336,180
12:26,1056,454,-603,10,8,555,407,-149,6,6,317,274,-43,79,54,-1336,180
12:26,1056,454,-603,10,8,555,407,-149,6,6,317,274,-43,79,54,-1336,180
12:26,1056,454,-603,10,8,555,407,-149,6,6,317,274,-43,79,54,-1336,180
12:26,1056,454,-603,10,8,555,407,-149,6,6,317,274,-43,79,54,-1336,180
12:26,1056,454,-603,10,8,555,407,-149,6,6,317,274,-43,79,54,-1336,180
12:27,1056,454,-603,10,8,555,407,-149,6,6,317,274,-43,79,54,-1336,180
12:27,1056,454,-603,10,8,555,407,-149,6,6,317,274,-43,79,54,-1336,180
12:27,1056,454,-603,10,8,555,407,-149,6,6,317,274,-43,79,54,-1336,180
12:27,1056,454,-603,10,8,555,407,-149,6,6,317,274,-43,79,54,-1336,180
12:27,1056,454,-603,10,8,555,407,-149,6,6,317,274,-43,79,54,-1336,180
12:28,1056,454,-603,10,8,555,407,-149,6,6,317,274,-43,79,54,-1336,180
12:28,1056,454,-603,10,8,555,407,-149,6,6,317,274,-43,79,54,-1336,180
12:28,1056,454,-603,10,8,555,407,-149,6,6,317,274,-43,79,54,-1336,180
12:28,1056,454,-603,10,8,555,407,-149,6,6,317,274,-43,79,54,-1336,180
12:28,1056,454,-603,10,8,555,407,-149,6,6,317,274,-43,79,54,-1336,180
12:29,1056,454,-603,10,8,555,407,-149,6,6,317,274,-43,79,54,-1336,180
12:29,1056,454,-603,10,8,555,407,-149,6,6,317,274,-43,79,54,-1336,180
12:29,1056,454,-603,10,8,555,407,-149,6,6,317,274,-43,79,54,-1336,180
12:29,1056,454,-603,10,8,555,407,-149,6,6,317,274,-43,79,54,-1336,180
12:29,1056,454,-603,10,8,555,407,-149,6,6,317,274,-43,79,54,-1336,180
12:30,1056,454,-603,10,8,555,407,-149,6,6,317,274,-43,79,54,-1336,180
12:30,1056,454,-603,10,8,555,407,-149,6,6,317,274,-43,79,54,-1336,180
12:30,1056,454,-603,10,8,555,407,-149,6,6,317,274,-43,79,54,-1336,180
12:30,1056,454,-603,10,8,555,407,-149,6,6,317,274,-43,79,54,-1336,180
12:30,1056,454,-603,10,8,555,407,-149,6,6,317,274,-43,79,54,-1336,180
12:31,1056,454,-603,10,8,555,407,-149,6,6,317,274,-43,79,54,-1336,180
12:31,1056,454,-603,10,8,555,407,-149,6,6,317,274,-43,79,54,-1336,180
12:31,1056,454,-603,10,8,555,407,-149,6,6,317,274,-43,79,54,-1336,180
12:31,1056,454,-603,10,8,555,407,-149,6,6,317,274,-43,79,54,-1336,180
12:31,1056,454,-603,10,8,555,407,-149,6,6,317,274,-43,79,54,-1336,180
12:32,1056,454,-603,10,8,555,407,-149,6,6,317,274,-43,79,54,-1336,180
12:32,1056,454,-603,10,8,555,407,-149,6,6,317,274,-43,79,54,-1336,180
12:32,1056,454,-603,10,8,555,407,-149,6,6,317,274,-43,79,54,-1336,180
12:32,1056,454,-603,10,8,555,407,-149,6,6,317,274,-43,79,54,-1336,180
12:32,1056,454,-603,10,8,555,407,-149,6,6,317,274,-43,79,54,-1336,180
12:32,1056,454,-603,10,8,555,407,-149,6,6,317,274,-43,79,54,-1336,180
12:33,1056,454,-603,10,8,555,407,-149,6,6,317,274,-43,79,54,-1336,180
12:33,1056,454,-603,10,8,555,407,-149,6,6,317,274,-43,79,54,-1336,180
12:33,1056,454,-603,10,8,555,407,-149,6,6,317,274,-43,79,54,-1336,180
12:33,1056,454,-603,10,8,555,407,-149,6,6,317,274,-43,79,54,-1336,180
12:33,1056,454,-603,10,8,555,407,-149,6,6,317,274,-43,79,54,-1336,180
12:34,1056,454,-603,10,8,555,407,-149,6,6,317,274,-43,79,54,-1336,180
12:34,1056,454,-603,10,8,555,407,-149,6,6,317,274,-43,79,54,-1336,180
12:34,1056,454,-603,10,8,555,407,-149,6,6,317,274,-43,79,54,-1336,180
12:34,1056,454,-603,10,8,555,407,-149,6,6,317,274,-43,79,54,-1336,180
12:34,1056,454,-603,10,8,555,407,-149,6,6,317,274,-43,79,54,-1336,180
12:35,1056,454,-603,10,8,555,407,-149,6,6,317,274,-43,79,54,-1336,180
12:35,1056,454,-603,10,8,555,407,-149,6,6,317,274,-43,79,54,-1336,180
12:35,1056,454,-603,10,8,555,407,-149,6,6,317,274,-43,79,54,-1336,180
12:35,1056,454,-603,10,8,555,407,-149,6,6,317,274,-43,79,54,-1336,180
12:35,1056,454,-603,10,8,555,407,-149,6,6,317,274,-43,79,54,-1336,180
12:35,1056,454,-603,10,8,555,407,-149,6,6,317,274,-43,79,54,-1336,180
12:36,1056,454,-603,10,8,555,407,-149,6,6,317,274,-43,79,54,-1336,180
12:36,1056,454,-603,10,8,555,407,-149,6,6,317,274,-43,79,54,-1336,180
12:36,1056,454,-603,10,8,555,407,-149,6,6,317,274,-43,79,54,-1336,180
12:36,1056,454,-603,10,8,555,407,-149,6,6,317,274,-43,79,54,-1336,180
12:36,1056,454,-603,10,8,555,407,-149,6,6,317,274,-43,79,54,-1336,180
12:37,1056,454,-603,10,8,555,407,-149,6,6,317,274,-43,79,54,-1336,180
12:37,1056,454,-603,10,8,555,407,-149,6,6,317,274,-43,79,54,-1336,180
12:37,1056,454,-603,10,8,555,407,-149,6,6,317,274,-43,79,54,-1336,180
12:37,1056,454,-603,10,8,555,407,-149,6,6,317,274,-43,79,54,-1336,180
12:37,1056,454,-603,10,8,555,407,-149,6,6,317,274,-43,79,54,-1336,180
12:38,1056,454,-603,10,8,555,407,-149,6,6,317,274,-43,79,54,-1336,180
12:38,1056,454,-603,10,8,555,407,-149,6,6,317,274,-43,79,54,-1336,180
12:38,1056,454,-603,10,8,555,407,-149,6,6,317,274,-43,79,54,-1336,180
12:38,1056,454,-603,10,8,555,407,-149,6,6,317,274,-43,79,54,-1336,180
